path,emotion,age,gender,actor,sampling_rate,duration
/kaggle/input/berlin-database-of-emotional-speech-emodb/wav/15a04Fd.wav,happiness,25,male,15,16000.0,1.7911875
/kaggle/input/berlin-database-of-emotional-speech-emodb/wav/13b02Fb.wav,happiness,32,female,13,16000.0,3.4419375
/kaggle/input/berlin-database-of-emotional-speech-emodb/wav/09b01Wb.wav,anger,21,female,9,16000.0,2.1574375
/kaggle/input/berlin-database-of-emotional-speech-emodb/wav/15a01Wa.wav,anger,25,male,15,16000.0,1.8313125
/kaggle/input/berlin-database-of-emotional-speech-emodb/wav/14a05Wa.wav,anger,35,female,14,16000.0,4.0068125
/kaggle/input/berlin-database-of-emotional-speech-emodb/wav/03a05Aa.wav,anxiety/fear,31,male,3,16000.0,3.087625
/kaggle/input/berlin-database-of-emotional-speech-emodb/wav/11a04Wc.wav,anger,26,male,11,16000.0,2.6789375
/kaggle/input/berlin-database-of-emotional-speech-emodb/wav/09a05Tb.wav,sadness,21,female,9,16000.0,3.908625
/kaggle/input/berlin-database-of-emotional-speech-emodb/wav/12a01Wc.wav,anger,30,male,12,16000.0,2.3588125
/kaggle/input/berlin-database-of-emotional-speech-emodb/wav/12a04Wc.wav,anger,30,male,12,16000.0,1.577625
/kaggle/input/berlin-database-of-emotional-speech-emodb/wav/09a04La.wav,boredom,21,female,9,16000.0,1.5279375
/kaggle/input/berlin-database-of-emotional-speech-emodb/wav/08b02Nb.wav,neutral,34,female,8,16000.0,3.0555
/kaggle/input/berlin-database-of-emotional-speech-emodb/wav/12b10Wa.wav,anger,30,male,12,16000.0,2.5493125
/kaggle/input/berlin-database-of-emotional-speech-emodb/wav/15a07Ld.wav,boredom,25,male,15,16000.0,1.8018125
/kaggle/input/berlin-database-of-emotional-speech-emodb/wav/10a07La.wav,boredom,32,male,10,16000.0,1.9901875
/kaggle/input/berlin-database-of-emotional-speech-emodb/wav/11a05Fb.wav,happiness,26,male,11,16000.0,3.5435
/kaggle/input/berlin-database-of-emotional-speech-emodb/wav/03b01Nb.wav,neutral,31,male,3,16000.0,2.3891875
/kaggle/input/berlin-database-of-emotional-speech-emodb/wav/12b02Ea.wav,disgust,30,male,12,16000.0,5.567
/kaggle/input/berlin-database-of-emotional-speech-emodb/wav/08a01Ab.wav,anxiety/fear,34,female,8,16000.0,1.8540625
/kaggle/input/berlin-database-of-emotional-speech-emodb/wav/10a01Ac.wav,anxiety/fear,32,male,10,16000.0,1.6795
/kaggle/input/berlin-database-of-emotional-speech-emodb/wav/12a02Wa.wav,anger,30,male,12,16000.0,1.5074375
/kaggle/input/berlin-database-of-emotional-speech-emodb/wav/14a02Fd.wav,happiness,35,female,14,16000.0,1.6816875
/kaggle/input/berlin-database-of-emotional-speech-emodb/wav/09a04Wa.wav,anger,21,female,9,16000.0,1.8368125
/kaggle/input/berlin-database-of-emotional-speech-emodb/wav/03b01Wa.wav,anger,31,male,3,16000.0,2.1798125
/kaggle/input/berlin-database-of-emotional-speech-emodb/wav/15a04Nc.wav,neutral,25,male,15,16000.0,1.698125
/kaggle/input/berlin-database-of-emotional-speech-emodb/wav/09a05Lc.wav,boredom,21,female,9,16000.0,3.367375
/kaggle/input/berlin-database-of-emotional-speech-emodb/wav/14a01Ea.wav,disgust,35,female,14,16000.0,3.1425
/kaggle/input/berlin-database-of-emotional-speech-emodb/wav/09a02La.wav,boredom,21,female,9,16000.0,1.5200625
/kaggle/input/berlin-database-of-emotional-speech-emodb/wav/15b03Nb.wav,neutral,25,male,15,16000.0,3.2004375
/kaggle/input/berlin-database-of-emotional-speech-emodb/wav/14b02Wb.wav,anger,35,female,14,16000.0,2.748125
/kaggle/input/berlin-database-of-emotional-speech-emodb/wav/12a07Ac.wav,anxiety/fear,30,male,12,16000.0,1.48
/kaggle/input/berlin-database-of-emotional-speech-emodb/wav/11b01Wd.wav,anger,26,male,11,16000.0,2.8146875
/kaggle/input/berlin-database-of-emotional-speech-emodb/wav/08a07Wc.wav,anger,34,female,8,16000.0,2.2193125
/kaggle/input/berlin-database-of-emotional-speech-emodb/wav/08a02La.wav,boredom,34,female,8,16000.0,1.73375
/kaggle/input/berlin-database-of-emotional-speech-emodb/wav/08b03Fe.wav,happiness,34,female,8,16000.0,3.6160625
/kaggle/input/berlin-database-of-emotional-speech-emodb/wav/13b03Td.wav,sadness,32,female,13,16000.0,4.97625
/kaggle/input/berlin-database-of-emotional-speech-emodb/wav/16b03Wb.wav,anger,31,female,16,16000.0,3.9245625
/kaggle/input/berlin-database-of-emotional-speech-emodb/wav/09b03Fd.wav,happiness,21,female,9,16000.0,3.3125
/kaggle/input/berlin-database-of-emotional-speech-emodb/wav/09a04Fd.wav,happiness,21,female,9,16000.0,1.481375
/kaggle/input/berlin-database-of-emotional-speech-emodb/wav/11b02Wb.wav,anger,26,male,11,16000.0,3.248625
/kaggle/input/berlin-database-of-emotional-speech-emodb/wav/12b10Ld.wav,boredom,30,male,12,16000.0,3.02
/kaggle/input/berlin-database-of-emotional-speech-emodb/wav/10a07Ta.wav,sadness,32,male,10,16000.0,1.9558125
/kaggle/input/berlin-database-of-emotional-speech-emodb/wav/10b01Ea.wav,disgust,32,male,10,16000.0,2.390125
/kaggle/input/berlin-database-of-emotional-speech-emodb/wav/15b01Wc.wav,anger,25,male,15,16000.0,2.631375
/kaggle/input/berlin-database-of-emotional-speech-emodb/wav/16a01Wb.wav,anger,31,female,16,16000.0,2.199875
/kaggle/input/berlin-database-of-emotional-speech-emodb/wav/15a07Eb.wav,disgust,25,male,15,16000.0,2.397125
/kaggle/input/berlin-database-of-emotional-speech-emodb/wav/10a04Wa.wav,anger,32,male,10,16000.0,2.853375
/kaggle/input/berlin-database-of-emotional-speech-emodb/wav/11a07Ac.wav,anxiety/fear,26,male,11,16000.0,1.9024375
/kaggle/input/berlin-database-of-emotional-speech-emodb/wav/16a04Tc.wav,sadness,31,female,16,16000.0,3.1656875
/kaggle/input/berlin-database-of-emotional-speech-emodb/wav/13a04Fc.wav,happiness,32,female,13,16000.0,1.7833125
/kaggle/input/berlin-database-of-emotional-speech-emodb/wav/16a04Wb.wav,anger,31,female,16,16000.0,2.5619375
/kaggle/input/berlin-database-of-emotional-speech-emodb/wav/15b10Ac.wav,anxiety/fear,25,male,15,16000.0,2.0220625
/kaggle/input/berlin-database-of-emotional-speech-emodb/wav/16b02Fd.wav,happiness,31,female,16,16000.0,3.5335625
/kaggle/input/berlin-database-of-emotional-speech-emodb/wav/16b03Ad.wav,anxiety/fear,31,female,16,16000.0,3.2161875
/kaggle/input/berlin-database-of-emotional-speech-emodb/wav/16b10Fb.wav,happiness,31,female,16,16000.0,2.5835
/kaggle/input/berlin-database-of-emotional-speech-emodb/wav/13a05Aa.wav,anxiety/fear,32,female,13,16000.0,2.7915
/kaggle/input/berlin-database-of-emotional-speech-emodb/wav/11a05Fc.wav,happiness,26,male,11,16000.0,3.9264375
/kaggle/input/berlin-database-of-emotional-speech-emodb/wav/12a02Nb.wav,neutral,30,male,12,16000.0,1.7319375
/kaggle/input/berlin-database-of-emotional-speech-emodb/wav/03b10Wb.wav,anger,31,male,3,16000.0,2.1664375
/kaggle/input/berlin-database-of-emotional-speech-emodb/wav/03b03Tc.wav,sadness,31,male,3,16000.0,5.2993125
/kaggle/input/berlin-database-of-emotional-speech-emodb/wav/11b01Eb.wav,disgust,26,male,11,16000.0,3.054375
/kaggle/input/berlin-database-of-emotional-speech-emodb/wav/13a01Wb.wav,anger,32,female,13,16000.0,2.36225
/kaggle/input/berlin-database-of-emotional-speech-emodb/wav/15a01Fb.wav,happiness,25,male,15,16000.0,1.626625
/kaggle/input/berlin-database-of-emotional-speech-emodb/wav/03a04Ta.wav,sadness,31,male,3,16000.0,2.0635625
/kaggle/input/berlin-database-of-emotional-speech-emodb/wav/15a02Ac.wav,anxiety/fear,25,male,15,16000.0,1.89275
/kaggle/input/berlin-database-of-emotional-speech-emodb/wav/15a01Ea.wav,disgust,25,male,15,16000.0,2.5521875
/kaggle/input/berlin-database-of-emotional-speech-emodb/wav/14a05Fb.wav,happiness,35,female,14,16000.0,3.1286875
/kaggle/input/berlin-database-of-emotional-speech-emodb/wav/15b10Nb.wav,neutral,25,male,15,16000.0,2.21325
/kaggle/input/berlin-database-of-emotional-speech-emodb/wav/09b10Aa.wav,anxiety/fear,21,female,9,16000.0,1.6560625
/kaggle/input/berlin-database-of-emotional-speech-emodb/wav/16a01Tb.wav,sadness,31,female,16,16000.0,2.6075625
/kaggle/input/berlin-database-of-emotional-speech-emodb/wav/11a05Ad.wav,anxiety/fear,26,male,11,16000.0,2.9164375
/kaggle/input/berlin-database-of-emotional-speech-emodb/wav/08b09Fd.wav,happiness,34,female,8,16000.0,2.7668125
/kaggle/input/berlin-database-of-emotional-speech-emodb/wav/08a07La.wav,boredom,34,female,8,16000.0,2.5238125
/kaggle/input/berlin-database-of-emotional-speech-emodb/wav/15a04Ac.wav,anxiety/fear,25,male,15,16000.0,1.8441875
/kaggle/input/berlin-database-of-emotional-speech-emodb/wav/16b02Eb.wav,disgust,31,female,16,16000.0,4.1885625
/kaggle/input/berlin-database-of-emotional-speech-emodb/wav/12a07Wa.wav,anger,30,male,12,16000.0,2.33275
/kaggle/input/berlin-database-of-emotional-speech-emodb/wav/08a02Wc.wav,anger,34,female,8,16000.0,1.8671875
/kaggle/input/berlin-database-of-emotional-speech-emodb/wav/09b09Ea.wav,disgust,21,female,9,16000.0,3.794375
/kaggle/input/berlin-database-of-emotional-speech-emodb/wav/13b01Nc.wav,neutral,32,female,13,16000.0,2.431
/kaggle/input/berlin-database-of-emotional-speech-emodb/wav/14a02Ab.wav,anxiety/fear,35,female,14,16000.0,1.3695625
/kaggle/input/berlin-database-of-emotional-speech-emodb/wav/14b09Ac.wav,anxiety/fear,35,female,14,16000.0,2.2876875
/kaggle/input/berlin-database-of-emotional-speech-emodb/wav/14b02Tc.wav,sadness,35,female,14,16000.0,6.2154375
/kaggle/input/berlin-database-of-emotional-speech-emodb/wav/13b03Wc.wav,anger,32,female,13,16000.0,3.611875
/kaggle/input/berlin-database-of-emotional-speech-emodb/wav/11b01Nc.wav,neutral,26,male,11,16000.0,2.2201875
/kaggle/input/berlin-database-of-emotional-speech-emodb/wav/14b03Ed.wav,disgust,35,female,14,16000.0,5.0500625
/kaggle/input/berlin-database-of-emotional-speech-emodb/wav/16a07Lb.wav,boredom,31,female,16,16000.0,2.1673125
/kaggle/input/berlin-database-of-emotional-speech-emodb/wav/14a01Na.wav,neutral,35,female,14,16000.0,1.6153125
/kaggle/input/berlin-database-of-emotional-speech-emodb/wav/09a07Na.wav,neutral,21,female,9,16000.0,1.8359375
/kaggle/input/berlin-database-of-emotional-speech-emodb/wav/08a04La.wav,boredom,34,female,8,16000.0,2.085875
/kaggle/input/berlin-database-of-emotional-speech-emodb/wav/14a02Wc.wav,anger,35,female,14,16000.0,2.092625
/kaggle/input/berlin-database-of-emotional-speech-emodb/wav/11b01Fc.wav,happiness,26,male,11,16000.0,2.5549375
/kaggle/input/berlin-database-of-emotional-speech-emodb/wav/13a04Ac.wav,anxiety/fear,32,female,13,16000.0,1.531375
/kaggle/input/berlin-database-of-emotional-speech-emodb/wav/11b10Ae.wav,anxiety/fear,26,male,11,16000.0,2.9425625
/kaggle/input/berlin-database-of-emotional-speech-emodb/wav/16a02Nb.wav,neutral,31,female,16,16000.0,1.6604375
/kaggle/input/berlin-database-of-emotional-speech-emodb/wav/11a05Wd.wav,anger,26,male,11,16000.0,4.03825
/kaggle/input/berlin-database-of-emotional-speech-emodb/wav/03b09Nc.wav,neutral,31,male,3,16000.0,2.5885625
/kaggle/input/berlin-database-of-emotional-speech-emodb/wav/11b09Wa.wav,anger,26,male,11,16000.0,3.81
/kaggle/input/berlin-database-of-emotional-speech-emodb/wav/14b09Fc.wav,happiness,35,female,14,16000.0,2.5295
/kaggle/input/berlin-database-of-emotional-speech-emodb/wav/08b01Fd.wav,happiness,34,female,8,16000.0,2.4819375
/kaggle/input/berlin-database-of-emotional-speech-emodb/wav/15b03Wb.wav,anger,25,male,15,16000.0,3.021625
/kaggle/input/berlin-database-of-emotional-speech-emodb/wav/16b02Aa.wav,anxiety/fear,31,female,16,16000.0,3.0035625
/kaggle/input/berlin-database-of-emotional-speech-emodb/wav/03b02Na.wav,neutral,31,male,3,16000.0,2.9453125
/kaggle/input/berlin-database-of-emotional-speech-emodb/wav/10b03Wb.wav,anger,32,male,10,16000.0,4.4855
/kaggle/input/berlin-database-of-emotional-speech-emodb/wav/14b09Lb.wav,boredom,35,female,14,16000.0,3.0503125
/kaggle/input/berlin-database-of-emotional-speech-emodb/wav/10a04Fd.wav,happiness,32,male,10,16000.0,1.5371875
/kaggle/input/berlin-database-of-emotional-speech-emodb/wav/15a02Na.wav,neutral,25,male,15,16000.0,1.613875
/kaggle/input/berlin-database-of-emotional-speech-emodb/wav/16a01Ec.wav,disgust,31,female,16,16000.0,2.4304375
/kaggle/input/berlin-database-of-emotional-speech-emodb/wav/03a07Wc.wav,anger,31,male,3,16000.0,2.0875625
/kaggle/input/berlin-database-of-emotional-speech-emodb/wav/14a04Lb.wav,boredom,35,female,14,16000.0,1.9429375
/kaggle/input/berlin-database-of-emotional-speech-emodb/wav/10a05Wb.wav,anger,32,male,10,16000.0,3.7520625
/kaggle/input/berlin-database-of-emotional-speech-emodb/wav/13a05Ea.wav,disgust,32,female,13,16000.0,4.1959375
/kaggle/input/berlin-database-of-emotional-speech-emodb/wav/03b01Wc.wav,anger,31,male,3,16000.0,2.92925
/kaggle/input/berlin-database-of-emotional-speech-emodb/wav/16a01Fc.wav,happiness,31,female,16,16000.0,2.096375
/kaggle/input/berlin-database-of-emotional-speech-emodb/wav/14a01Ac.wav,anxiety/fear,35,female,14,16000.0,1.5423125
/kaggle/input/berlin-database-of-emotional-speech-emodb/wav/08b09Wa.wav,anger,34,female,8,16000.0,3.1655625
/kaggle/input/berlin-database-of-emotional-speech-emodb/wav/16a04Lc.wav,boredom,31,female,16,16000.0,2.65375
/kaggle/input/berlin-database-of-emotional-speech-emodb/wav/12a07La.wav,boredom,30,male,12,16000.0,2.35125
/kaggle/input/berlin-database-of-emotional-speech-emodb/wav/11a01Ab.wav,anxiety/fear,26,male,11,16000.0,1.50425
/kaggle/input/berlin-database-of-emotional-speech-emodb/wav/08b01Fe.wav,happiness,34,female,8,16000.0,2.51575
/kaggle/input/berlin-database-of-emotional-speech-emodb/wav/09a05Ed.wav,disgust,21,female,9,16000.0,5.1574375
/kaggle/input/berlin-database-of-emotional-speech-emodb/wav/14a02Nc.wav,neutral,35,female,14,16000.0,1.4308125
/kaggle/input/berlin-database-of-emotional-speech-emodb/wav/11a02Ld.wav,boredom,26,male,11,16000.0,1.6055
/kaggle/input/berlin-database-of-emotional-speech-emodb/wav/13b10Wc.wav,anger,32,female,13,16000.0,2.6833125
/kaggle/input/berlin-database-of-emotional-speech-emodb/wav/15b02Lb.wav,boredom,25,male,15,16000.0,2.955625
/kaggle/input/berlin-database-of-emotional-speech-emodb/wav/13b01Ab.wav,anxiety/fear,32,female,13,16000.0,2.2233125
/kaggle/input/berlin-database-of-emotional-speech-emodb/wav/13a07Lb.wav,boredom,32,female,13,16000.0,2.2641875
/kaggle/input/berlin-database-of-emotional-speech-emodb/wav/11a02Wc.wav,anger,26,male,11,16000.0,2.4259375
/kaggle/input/berlin-database-of-emotional-speech-emodb/wav/03a01Wa.wav,anger,31,male,3,16000.0,1.8778125
/kaggle/input/berlin-database-of-emotional-speech-emodb/wav/12a02Wc.wav,anger,30,male,12,16000.0,1.4658125
/kaggle/input/berlin-database-of-emotional-speech-emodb/wav/09b10Wa.wav,anger,21,female,9,16000.0,2.206625
/kaggle/input/berlin-database-of-emotional-speech-emodb/wav/03b01Td.wav,sadness,31,male,3,16000.0,3.3906875
/kaggle/input/berlin-database-of-emotional-speech-emodb/wav/08b10Wa.wav,anger,34,female,8,16000.0,3.135375
/kaggle/input/berlin-database-of-emotional-speech-emodb/wav/11b02Td.wav,sadness,26,male,11,16000.0,3.60425
/kaggle/input/berlin-database-of-emotional-speech-emodb/wav/11a04Ac.wav,anxiety/fear,26,male,11,16000.0,1.5355625
/kaggle/input/berlin-database-of-emotional-speech-emodb/wav/15a05Lb.wav,boredom,25,male,15,16000.0,3.3200625
/kaggle/input/berlin-database-of-emotional-speech-emodb/wav/15b03Tc.wav,sadness,25,male,15,16000.0,5.3410625
/kaggle/input/berlin-database-of-emotional-speech-emodb/wav/11b03Td.wav,sadness,26,male,11,16000.0,5.905
/kaggle/input/berlin-database-of-emotional-speech-emodb/wav/09b02Wc.wav,anger,21,female,9,16000.0,2.7245
/kaggle/input/berlin-database-of-emotional-speech-emodb/wav/15a05Eb.wav,disgust,25,male,15,16000.0,3.9935625
/kaggle/input/berlin-database-of-emotional-speech-emodb/wav/08a01Wa.wav,anger,34,female,8,16000.0,1.6128125
/kaggle/input/berlin-database-of-emotional-speech-emodb/wav/12b02Wa.wav,anger,30,male,12,16000.0,2.78375
/kaggle/input/berlin-database-of-emotional-speech-emodb/wav/16b01Wb.wav,anger,31,female,16,16000.0,2.6616875
/kaggle/input/berlin-database-of-emotional-speech-emodb/wav/03a07Fb.wav,happiness,31,male,3,16000.0,2.449875
/kaggle/input/berlin-database-of-emotional-speech-emodb/wav/10a02Lb.wav,boredom,32,male,10,16000.0,1.5925
/kaggle/input/berlin-database-of-emotional-speech-emodb/wav/14a07Aa.wav,anxiety/fear,35,female,14,16000.0,2.0596875
/kaggle/input/berlin-database-of-emotional-speech-emodb/wav/16a02Ea.wav,disgust,31,female,16,16000.0,2.9485
/kaggle/input/berlin-database-of-emotional-speech-emodb/wav/11a07Wc.wav,anger,26,male,11,16000.0,2.238375
/kaggle/input/berlin-database-of-emotional-speech-emodb/wav/13b09La.wav,boredom,32,female,13,16000.0,2.5901875
/kaggle/input/berlin-database-of-emotional-speech-emodb/wav/16a07La.wav,boredom,31,female,16,16000.0,2.0746875
/kaggle/input/berlin-database-of-emotional-speech-emodb/wav/13b03Ed.wav,disgust,32,female,13,16000.0,4.518125
/kaggle/input/berlin-database-of-emotional-speech-emodb/wav/10b09Lb.wav,boredom,32,male,10,16000.0,2.9490625
/kaggle/input/berlin-database-of-emotional-speech-emodb/wav/09a05Nb.wav,neutral,21,female,9,16000.0,3.0775
/kaggle/input/berlin-database-of-emotional-speech-emodb/wav/08a01Wc.wav,anger,34,female,8,16000.0,1.691
/kaggle/input/berlin-database-of-emotional-speech-emodb/wav/08a07Tb.wav,sadness,34,female,8,16000.0,4.0235625
/kaggle/input/berlin-database-of-emotional-speech-emodb/wav/12a01Nb.wav,neutral,30,male,12,16000.0,1.7219375
/kaggle/input/berlin-database-of-emotional-speech-emodb/wav/13a05Wc.wav,anger,32,female,13,16000.0,3.3899375
/kaggle/input/berlin-database-of-emotional-speech-emodb/wav/13a07Tc.wav,sadness,32,female,13,16000.0,2.3416875
/kaggle/input/berlin-database-of-emotional-speech-emodb/wav/09a01Wb.wav,anger,21,female,9,16000.0,1.7015
/kaggle/input/berlin-database-of-emotional-speech-emodb/wav/13b09Wa.wav,anger,32,female,13,16000.0,2.399625
/kaggle/input/berlin-database-of-emotional-speech-emodb/wav/16a07Nb.wav,neutral,31,female,16,16000.0,2.0070625
/kaggle/input/berlin-database-of-emotional-speech-emodb/wav/13b03Na.wav,neutral,32,female,13,16000.0,3.567
/kaggle/input/berlin-database-of-emotional-speech-emodb/wav/12b09Ac.wav,anxiety/fear,30,male,12,16000.0,2.4719375
/kaggle/input/berlin-database-of-emotional-speech-emodb/wav/11b03Lc.wav,boredom,26,male,11,16000.0,4.452875
/kaggle/input/berlin-database-of-emotional-speech-emodb/wav/16a01Lb.wav,boredom,31,female,16,16000.0,2.0335625
/kaggle/input/berlin-database-of-emotional-speech-emodb/wav/14b01Eb.wav,disgust,35,female,14,16000.0,3.29175
/kaggle/input/berlin-database-of-emotional-speech-emodb/wav/03a01Nc.wav,neutral,31,male,3,16000.0,1.61125
/kaggle/input/berlin-database-of-emotional-speech-emodb/wav/15a05Wa.wav,anger,25,male,15,16000.0,3.0985
/kaggle/input/berlin-database-of-emotional-speech-emodb/wav/15b10Nc.wav,neutral,25,male,15,16000.0,2.20275
/kaggle/input/berlin-database-of-emotional-speech-emodb/wav/15b03Aa.wav,anxiety/fear,25,male,15,16000.0,2.6274375
/kaggle/input/berlin-database-of-emotional-speech-emodb/wav/16a02Wb.wav,anger,31,female,16,16000.0,1.7700625
/kaggle/input/berlin-database-of-emotional-speech-emodb/wav/12a01Lb.wav,boredom,30,male,12,16000.0,1.8865625
/kaggle/input/berlin-database-of-emotional-speech-emodb/wav/13a01Lb.wav,boredom,32,female,13,16000.0,2.0050625
/kaggle/input/berlin-database-of-emotional-speech-emodb/wav/16a05Ab.wav,anxiety/fear,31,female,16,16000.0,2.9013125
/kaggle/input/berlin-database-of-emotional-speech-emodb/wav/08b02La.wav,boredom,34,female,8,16000.0,3.45775
/kaggle/input/berlin-database-of-emotional-speech-emodb/wav/10b02Wb.wav,anger,32,male,10,16000.0,2.8680625
/kaggle/input/berlin-database-of-emotional-speech-emodb/wav/03a04Fd.wav,happiness,31,male,3,16000.0,1.6968125
/kaggle/input/berlin-database-of-emotional-speech-emodb/wav/13a05Wa.wav,anger,32,female,13,16000.0,2.8845625
/kaggle/input/berlin-database-of-emotional-speech-emodb/wav/13a01Ac.wav,anxiety/fear,32,female,13,16000.0,1.561
/kaggle/input/berlin-database-of-emotional-speech-emodb/wav/16b01Aa.wav,anxiety/fear,31,female,16,16000.0,2.0813125
/kaggle/input/berlin-database-of-emotional-speech-emodb/wav/14b03Wb.wav,anger,35,female,14,16000.0,3.8861875
/kaggle/input/berlin-database-of-emotional-speech-emodb/wav/11b03Nb.wav,neutral,26,male,11,16000.0,3.6209375
/kaggle/input/berlin-database-of-emotional-speech-emodb/wav/03a05Wa.wav,anger,31,male,3,16000.0,3.44075
/kaggle/input/berlin-database-of-emotional-speech-emodb/wav/14a02Wa.wav,anger,35,female,14,16000.0,2.01275
/kaggle/input/berlin-database-of-emotional-speech-emodb/wav/16b02Lb.wav,boredom,31,female,16,16000.0,3.39875
/kaggle/input/berlin-database-of-emotional-speech-emodb/wav/13b02Lc.wav,boredom,32,female,13,16000.0,3.804
/kaggle/input/berlin-database-of-emotional-speech-emodb/wav/14b01Fa.wav,happiness,35,female,14,16000.0,2.56025
/kaggle/input/berlin-database-of-emotional-speech-emodb/wav/15b01Lb.wav,boredom,25,male,15,16000.0,2.326625
/kaggle/input/berlin-database-of-emotional-speech-emodb/wav/16b03Fd.wav,happiness,31,female,16,16000.0,3.6574375
/kaggle/input/berlin-database-of-emotional-speech-emodb/wav/03b02Aa.wav,anxiety/fear,31,male,3,16000.0,3.0848125
/kaggle/input/berlin-database-of-emotional-speech-emodb/wav/03a02Wc.wav,anger,31,male,3,16000.0,1.4980625
/kaggle/input/berlin-database-of-emotional-speech-emodb/wav/03a07La.wav,boredom,31,male,3,16000.0,2.4015625
/kaggle/input/berlin-database-of-emotional-speech-emodb/wav/03a04Nc.wav,neutral,31,male,3,16000.0,1.5613125
/kaggle/input/berlin-database-of-emotional-speech-emodb/wav/03a01Fa.wav,happiness,31,male,3,16000.0,1.89825
/kaggle/input/berlin-database-of-emotional-speech-emodb/wav/14a05Wb.wav,anger,35,female,14,16000.0,3.0540625
/kaggle/input/berlin-database-of-emotional-speech-emodb/wav/09b02Wd.wav,anger,21,female,9,16000.0,2.6213125
/kaggle/input/berlin-database-of-emotional-speech-emodb/wav/08b01Na.wav,neutral,34,female,8,16000.0,2.354
/kaggle/input/berlin-database-of-emotional-speech-emodb/wav/14b09Wc.wav,anger,35,female,14,16000.0,2.7706875
/kaggle/input/berlin-database-of-emotional-speech-emodb/wav/08a01Fd.wav,happiness,34,female,8,16000.0,2.29975
/kaggle/input/berlin-database-of-emotional-speech-emodb/wav/13a02Fa.wav,happiness,32,female,13,16000.0,2.0746875
/kaggle/input/berlin-database-of-emotional-speech-emodb/wav/10b02La.wav,boredom,32,male,10,16000.0,2.6905625
/kaggle/input/berlin-database-of-emotional-speech-emodb/wav/13a01Ea.wav,disgust,32,female,13,16000.0,1.826875
/kaggle/input/berlin-database-of-emotional-speech-emodb/wav/13a01Fd.wav,happiness,32,female,13,16000.0,1.8809375
/kaggle/input/berlin-database-of-emotional-speech-emodb/wav/15b09Fa.wav,happiness,25,male,15,16000.0,2.4509375
/kaggle/input/berlin-database-of-emotional-speech-emodb/wav/11b10Nc.wav,neutral,26,male,11,16000.0,2.1325625
/kaggle/input/berlin-database-of-emotional-speech-emodb/wav/11b09Td.wav,sadness,26,male,11,16000.0,4.8993125
/kaggle/input/berlin-database-of-emotional-speech-emodb/wav/16a04Ea.wav,disgust,31,female,16,16000.0,2.65
/kaggle/input/berlin-database-of-emotional-speech-emodb/wav/09a02Wb.wav,anger,21,female,9,16000.0,1.6553125
/kaggle/input/berlin-database-of-emotional-speech-emodb/wav/14b10Lb.wav,boredom,35,female,14,16000.0,2.1375
/kaggle/input/berlin-database-of-emotional-speech-emodb/wav/08a05Wa.wav,anger,34,female,8,16000.0,2.9291875
/kaggle/input/berlin-database-of-emotional-speech-emodb/wav/14a07Na.wav,neutral,35,female,14,16000.0,2.0960625
/kaggle/input/berlin-database-of-emotional-speech-emodb/wav/09b02Tb.wav,sadness,21,female,9,16000.0,3.6546875
/kaggle/input/berlin-database-of-emotional-speech-emodb/wav/16a04Wc.wav,anger,31,female,16,16000.0,1.9440625
/kaggle/input/berlin-database-of-emotional-speech-emodb/wav/16b01La.wav,boredom,31,female,16,16000.0,2.9439375
/kaggle/input/berlin-database-of-emotional-speech-emodb/wav/15a04Ab.wav,anxiety/fear,25,male,15,16000.0,1.8296875
/kaggle/input/berlin-database-of-emotional-speech-emodb/wav/14b10Tc.wav,sadness,35,female,14,16000.0,3.4114375
/kaggle/input/berlin-database-of-emotional-speech-emodb/wav/08b01Aa.wav,anxiety/fear,34,female,8,16000.0,2.676875
/kaggle/input/berlin-database-of-emotional-speech-emodb/wav/16a05Wc.wav,anger,31,female,16,16000.0,3.80075
/kaggle/input/berlin-database-of-emotional-speech-emodb/wav/03a05Tc.wav,sadness,31,male,3,16000.0,3.4978125
/kaggle/input/berlin-database-of-emotional-speech-emodb/wav/03b10Nc.wav,neutral,31,male,3,16000.0,2.2176875
/kaggle/input/berlin-database-of-emotional-speech-emodb/wav/12b10Ac.wav,anxiety/fear,30,male,12,16000.0,2.0305
/kaggle/input/berlin-database-of-emotional-speech-emodb/wav/15a02La.wav,boredom,25,male,15,16000.0,1.696875
/kaggle/input/berlin-database-of-emotional-speech-emodb/wav/03b10Ab.wav,anxiety/fear,31,male,3,16000.0,2.82825
/kaggle/input/berlin-database-of-emotional-speech-emodb/wav/15a07Nc.wav,neutral,25,male,15,16000.0,1.8811875
/kaggle/input/berlin-database-of-emotional-speech-emodb/wav/16b03Ea.wav,disgust,31,female,16,16000.0,5.9638125
/kaggle/input/berlin-database-of-emotional-speech-emodb/wav/14a07Eb.wav,disgust,35,female,14,16000.0,3.436625
/kaggle/input/berlin-database-of-emotional-speech-emodb/wav/14a05Fa.wav,happiness,35,female,14,16000.0,3.2461875
/kaggle/input/berlin-database-of-emotional-speech-emodb/wav/10b01Fa.wav,happiness,32,male,10,16000.0,2.4330625
/kaggle/input/berlin-database-of-emotional-speech-emodb/wav/08a02Tb.wav,sadness,34,female,8,16000.0,3.0465625
/kaggle/input/berlin-database-of-emotional-speech-emodb/wav/11b02Ab.wav,anxiety/fear,26,male,11,16000.0,2.489875
/kaggle/input/berlin-database-of-emotional-speech-emodb/wav/11a01Aa.wav,anxiety/fear,26,male,11,16000.0,1.5573125
/kaggle/input/berlin-database-of-emotional-speech-emodb/wav/09a07Eb.wav,disgust,21,female,9,16000.0,3.3458125
/kaggle/input/berlin-database-of-emotional-speech-emodb/wav/08b10Tc.wav,sadness,34,female,8,16000.0,4.6628125
/kaggle/input/berlin-database-of-emotional-speech-emodb/wav/08b10Fd.wav,happiness,34,female,8,16000.0,2.4635625
/kaggle/input/berlin-database-of-emotional-speech-emodb/wav/16a04Nc.wav,neutral,31,female,16,16000.0,1.8259375
/kaggle/input/berlin-database-of-emotional-speech-emodb/wav/12b03La.wav,boredom,30,male,12,16000.0,3.94475
/kaggle/input/berlin-database-of-emotional-speech-emodb/wav/15b02Wc.wav,anger,25,male,15,16000.0,2.6233125
/kaggle/input/berlin-database-of-emotional-speech-emodb/wav/10b02Aa.wav,anxiety/fear,32,male,10,16000.0,2.4623125
/kaggle/input/berlin-database-of-emotional-speech-emodb/wav/11a02Nc.wav,neutral,26,male,11,16000.0,1.5340625
/kaggle/input/berlin-database-of-emotional-speech-emodb/wav/15b10Wa.wav,anger,25,male,15,16000.0,2.63375
/kaggle/input/berlin-database-of-emotional-speech-emodb/wav/10a02Fa.wav,happiness,32,male,10,16000.0,1.524
/kaggle/input/berlin-database-of-emotional-speech-emodb/wav/09a05Wb.wav,anger,21,female,9,16000.0,3.4001875
/kaggle/input/berlin-database-of-emotional-speech-emodb/wav/09a04Nb.wav,neutral,21,female,9,16000.0,1.7675625
/kaggle/input/berlin-database-of-emotional-speech-emodb/wav/11a07Ld.wav,boredom,26,male,11,16000.0,1.7953125
/kaggle/input/berlin-database-of-emotional-speech-emodb/wav/08b02Wd.wav,anger,34,female,8,16000.0,3.584
/kaggle/input/berlin-database-of-emotional-speech-emodb/wav/10a01Wa.wav,anger,32,male,10,16000.0,2.1703125
/kaggle/input/berlin-database-of-emotional-speech-emodb/wav/11b01Ab.wav,anxiety/fear,26,male,11,16000.0,2.02425
/kaggle/input/berlin-database-of-emotional-speech-emodb/wav/16b09Eb.wav,disgust,31,female,16,16000.0,5.0256875
/kaggle/input/berlin-database-of-emotional-speech-emodb/wav/13a04Ta.wav,sadness,32,female,13,16000.0,2.8525
/kaggle/input/berlin-database-of-emotional-speech-emodb/wav/10a05Ld.wav,boredom,32,male,10,16000.0,3.29575
/kaggle/input/berlin-database-of-emotional-speech-emodb/wav/12a05Wb.wav,anger,30,male,12,16000.0,3.48525
/kaggle/input/berlin-database-of-emotional-speech-emodb/wav/09a02Eb.wav,disgust,21,female,9,16000.0,1.5238125
/kaggle/input/berlin-database-of-emotional-speech-emodb/wav/14b03Ta.wav,sadness,35,female,14,16000.0,5.4973125
/kaggle/input/berlin-database-of-emotional-speech-emodb/wav/09b01Na.wav,neutral,21,female,9,16000.0,2.4655625
/kaggle/input/berlin-database-of-emotional-speech-emodb/wav/11a07Ta.wav,sadness,26,male,11,16000.0,2.167375
/kaggle/input/berlin-database-of-emotional-speech-emodb/wav/15b03Lc.wav,boredom,25,male,15,16000.0,3.666375
/kaggle/input/berlin-database-of-emotional-speech-emodb/wav/16b09Wb.wav,anger,31,female,16,16000.0,3.69
/kaggle/input/berlin-database-of-emotional-speech-emodb/wav/14b10Eb.wav,disgust,35,female,14,16000.0,3.6788125
/kaggle/input/berlin-database-of-emotional-speech-emodb/wav/11b09Na.wav,neutral,26,male,11,16000.0,2.41925
/kaggle/input/berlin-database-of-emotional-speech-emodb/wav/16b03La.wav,boredom,31,female,16,16000.0,4.035625
/kaggle/input/berlin-database-of-emotional-speech-emodb/wav/12a02Ac.wav,anxiety/fear,30,male,12,16000.0,1.2255
/kaggle/input/berlin-database-of-emotional-speech-emodb/wav/13a02Ta.wav,sadness,32,female,13,16000.0,1.86375
/kaggle/input/berlin-database-of-emotional-speech-emodb/wav/08b03Wd.wav,anger,34,female,8,16000.0,4.08125
/kaggle/input/berlin-database-of-emotional-speech-emodb/wav/13b03Ac.wav,anxiety/fear,32,female,13,16000.0,3.3083125
/kaggle/input/berlin-database-of-emotional-speech-emodb/wav/13b10Fa.wav,happiness,32,female,13,16000.0,2.1585625
/kaggle/input/berlin-database-of-emotional-speech-emodb/wav/11a01Wc.wav,anger,26,male,11,16000.0,1.91975
/kaggle/input/berlin-database-of-emotional-speech-emodb/wav/16b01Tb.wav,sadness,31,female,16,16000.0,4.37775
/kaggle/input/berlin-database-of-emotional-speech-emodb/wav/03a05Wb.wav,anger,31,male,3,16000.0,2.96225
/kaggle/input/berlin-database-of-emotional-speech-emodb/wav/13b09Ec.wav,disgust,32,female,13,16000.0,2.68975
/kaggle/input/berlin-database-of-emotional-speech-emodb/wav/03b09Wa.wav,anger,31,male,3,16000.0,2.89375
/kaggle/input/berlin-database-of-emotional-speech-emodb/wav/16b10Td.wav,sadness,31,female,16,16000.0,3.9341875
/kaggle/input/berlin-database-of-emotional-speech-emodb/wav/09b09Nd.wav,neutral,21,female,9,16000.0,2.7140625
/kaggle/input/berlin-database-of-emotional-speech-emodb/wav/08b02Ff.wav,happiness,34,female,8,16000.0,2.771125
/kaggle/input/berlin-database-of-emotional-speech-emodb/wav/10b02Na.wav,neutral,32,male,10,16000.0,2.722
/kaggle/input/berlin-database-of-emotional-speech-emodb/wav/09a02Ea.wav,disgust,21,female,9,16000.0,2.4346875
/kaggle/input/berlin-database-of-emotional-speech-emodb/wav/08b09Ab.wav,anxiety/fear,34,female,8,16000.0,3.18125
/kaggle/input/berlin-database-of-emotional-speech-emodb/wav/16a02Tc.wav,sadness,31,female,16,16000.0,2.1919375
/kaggle/input/berlin-database-of-emotional-speech-emodb/wav/14b02Aa.wav,anxiety/fear,35,female,14,16000.0,2.84025
/kaggle/input/berlin-database-of-emotional-speech-emodb/wav/12a05Nd.wav,neutral,30,male,12,16000.0,3.185875
/kaggle/input/berlin-database-of-emotional-speech-emodb/wav/10a02Wa.wav,anger,32,male,10,16000.0,2.1026875
/kaggle/input/berlin-database-of-emotional-speech-emodb/wav/10a02Na.wav,neutral,32,male,10,16000.0,1.658625
/kaggle/input/berlin-database-of-emotional-speech-emodb/wav/12b02Wb.wav,anger,30,male,12,16000.0,2.804125
/kaggle/input/berlin-database-of-emotional-speech-emodb/wav/16b10Aa.wav,anxiety/fear,31,female,16,16000.0,2.5826875
/kaggle/input/berlin-database-of-emotional-speech-emodb/wav/13a05Tc.wav,sadness,32,female,13,16000.0,4.451375
/kaggle/input/berlin-database-of-emotional-speech-emodb/wav/15b09Ta.wav,sadness,25,male,15,16000.0,4.01575
/kaggle/input/berlin-database-of-emotional-speech-emodb/wav/03b02La.wav,boredom,31,male,3,16000.0,3.4648125
/kaggle/input/berlin-database-of-emotional-speech-emodb/wav/14b01Ac.wav,anxiety/fear,35,female,14,16000.0,2.344375
/kaggle/input/berlin-database-of-emotional-speech-emodb/wav/08a05Lc.wav,boredom,34,female,8,16000.0,4.188375
/kaggle/input/berlin-database-of-emotional-speech-emodb/wav/03a05Nd.wav,neutral,31,male,3,16000.0,3.168
/kaggle/input/berlin-database-of-emotional-speech-emodb/wav/10a07Ad.wav,anxiety/fear,32,male,10,16000.0,1.603375
/kaggle/input/berlin-database-of-emotional-speech-emodb/wav/12b02Wd.wav,anger,30,male,12,16000.0,2.649875
/kaggle/input/berlin-database-of-emotional-speech-emodb/wav/16b01Lc.wav,boredom,31,female,16,16000.0,2.4656875
/kaggle/input/berlin-database-of-emotional-speech-emodb/wav/09b03Fa.wav,happiness,21,female,9,16000.0,3.1416875
/kaggle/input/berlin-database-of-emotional-speech-emodb/wav/08b09Nb.wav,neutral,34,female,8,16000.0,2.85375
/kaggle/input/berlin-database-of-emotional-speech-emodb/wav/03b09La.wav,boredom,31,male,3,16000.0,3.1126875
/kaggle/input/berlin-database-of-emotional-speech-emodb/wav/11b03Fc.wav,happiness,26,male,11,16000.0,3.8298125
/kaggle/input/berlin-database-of-emotional-speech-emodb/wav/15a07Ac.wav,anxiety/fear,25,male,15,16000.0,1.810875
/kaggle/input/berlin-database-of-emotional-speech-emodb/wav/09a01Nb.wav,neutral,21,female,9,16000.0,1.6825625
/kaggle/input/berlin-database-of-emotional-speech-emodb/wav/16b10Lb.wav,boredom,31,female,16,16000.0,3.4426875
/kaggle/input/berlin-database-of-emotional-speech-emodb/wav/03b03Nb.wav,neutral,31,male,3,16000.0,3.6445
/kaggle/input/berlin-database-of-emotional-speech-emodb/wav/11a02Ec.wav,disgust,26,male,11,16000.0,1.91
/kaggle/input/berlin-database-of-emotional-speech-emodb/wav/12a05Ab.wav,anxiety/fear,30,male,12,16000.0,3.234125
/kaggle/input/berlin-database-of-emotional-speech-emodb/wav/08a05Fe.wav,happiness,34,female,8,16000.0,3.0986875
/kaggle/input/berlin-database-of-emotional-speech-emodb/wav/09b03Ed.wav,disgust,21,female,9,16000.0,5.065125
/kaggle/input/berlin-database-of-emotional-speech-emodb/wav/15a05Fb.wav,happiness,25,male,15,16000.0,2.6961875
/kaggle/input/berlin-database-of-emotional-speech-emodb/wav/08a07Ta.wav,sadness,34,female,8,16000.0,3.46275
/kaggle/input/berlin-database-of-emotional-speech-emodb/wav/10a02Ab.wav,anxiety/fear,32,male,10,16000.0,1.6079375
/kaggle/input/berlin-database-of-emotional-speech-emodb/wav/13a05Lc.wav,boredom,32,female,13,16000.0,3.3528125
/kaggle/input/berlin-database-of-emotional-speech-emodb/wav/13b10Wa.wav,anger,32,female,13,16000.0,2.2005625
/kaggle/input/berlin-database-of-emotional-speech-emodb/wav/08b09Lc.wav,boredom,34,female,8,16000.0,3.8906875
/kaggle/input/berlin-database-of-emotional-speech-emodb/wav/09a01Fa.wav,happiness,21,female,9,16000.0,1.831125
/kaggle/input/berlin-database-of-emotional-speech-emodb/wav/03b10Ec.wav,disgust,31,male,3,16000.0,3.202
/kaggle/input/berlin-database-of-emotional-speech-emodb/wav/14a01Aa.wav,anxiety/fear,35,female,14,16000.0,1.53375
/kaggle/input/berlin-database-of-emotional-speech-emodb/wav/13a05Nb.wav,neutral,32,female,13,16000.0,3.18775
/kaggle/input/berlin-database-of-emotional-speech-emodb/wav/10a05Tb.wav,sadness,32,male,10,16000.0,3.3339375
/kaggle/input/berlin-database-of-emotional-speech-emodb/wav/16a05Fc.wav,happiness,31,female,16,16000.0,3.612375
/kaggle/input/berlin-database-of-emotional-speech-emodb/wav/11b02Na.wav,neutral,26,male,11,16000.0,2.6988125
/kaggle/input/berlin-database-of-emotional-speech-emodb/wav/13b03Fd.wav,happiness,32,female,13,16000.0,3.9309375
/kaggle/input/berlin-database-of-emotional-speech-emodb/wav/13a02Ad.wav,anxiety/fear,32,female,13,16000.0,1.463375
/kaggle/input/berlin-database-of-emotional-speech-emodb/wav/16a04Ab.wav,anxiety/fear,31,female,16,16000.0,1.48
/kaggle/input/berlin-database-of-emotional-speech-emodb/wav/15a05Na.wav,neutral,25,male,15,16000.0,3.1209375
/kaggle/input/berlin-database-of-emotional-speech-emodb/wav/11a05Lc.wav,boredom,26,male,11,16000.0,4.06575
/kaggle/input/berlin-database-of-emotional-speech-emodb/wav/10b10Wa.wav,anger,32,male,10,16000.0,2.6461875
/kaggle/input/berlin-database-of-emotional-speech-emodb/wav/08b01Lb.wav,boredom,34,female,8,16000.0,3.487375
/kaggle/input/berlin-database-of-emotional-speech-emodb/wav/12b03Ta.wav,sadness,30,male,12,16000.0,5.9963125
/kaggle/input/berlin-database-of-emotional-speech-emodb/wav/09b02Na.wav,neutral,21,female,9,16000.0,2.70025
/kaggle/input/berlin-database-of-emotional-speech-emodb/wav/08b10Nc.wav,neutral,34,female,8,16000.0,2.3780625
/kaggle/input/berlin-database-of-emotional-speech-emodb/wav/15b02Tc.wav,sadness,25,male,15,16000.0,3.892
/kaggle/input/berlin-database-of-emotional-speech-emodb/wav/10a07Aa.wav,anxiety/fear,32,male,10,16000.0,1.5960625
/kaggle/input/berlin-database-of-emotional-speech-emodb/wav/14a04Wb.wav,anger,35,female,14,16000.0,1.7368125
/kaggle/input/berlin-database-of-emotional-speech-emodb/wav/13a07Fd.wav,happiness,32,female,13,16000.0,2.0124375
/kaggle/input/berlin-database-of-emotional-speech-emodb/wav/14a02Ea.wav,disgust,35,female,14,16000.0,2.554875
/kaggle/input/berlin-database-of-emotional-speech-emodb/wav/15b01Ec.wav,disgust,25,male,15,16000.0,2.9709375
/kaggle/input/berlin-database-of-emotional-speech-emodb/wav/09a07Ta.wav,sadness,21,female,9,16000.0,1.99425
/kaggle/input/berlin-database-of-emotional-speech-emodb/wav/13b01Fc.wav,happiness,32,female,13,16000.0,2.633
/kaggle/input/berlin-database-of-emotional-speech-emodb/wav/15b02Aa.wav,anxiety/fear,25,male,15,16000.0,2.9655625
/kaggle/input/berlin-database-of-emotional-speech-emodb/wav/08b03Tc.wav,sadness,34,female,8,16000.0,8.97825
/kaggle/input/berlin-database-of-emotional-speech-emodb/wav/03b01Fa.wav,happiness,31,male,3,16000.0,2.3621875
/kaggle/input/berlin-database-of-emotional-speech-emodb/wav/15b02Wa.wav,anger,25,male,15,16000.0,2.7650625
/kaggle/input/berlin-database-of-emotional-speech-emodb/wav/16b01Wa.wav,anger,31,female,16,16000.0,2.609875
/kaggle/input/berlin-database-of-emotional-speech-emodb/wav/13b10Nc.wav,neutral,32,female,13,16000.0,2.3678125
/kaggle/input/berlin-database-of-emotional-speech-emodb/wav/16a07Td.wav,sadness,31,female,16,16000.0,3.7295
/kaggle/input/berlin-database-of-emotional-speech-emodb/wav/15a07Fa.wav,happiness,25,male,15,16000.0,1.9641875
/kaggle/input/berlin-database-of-emotional-speech-emodb/wav/08a05Ta.wav,sadness,34,female,8,16000.0,5.6214375
/kaggle/input/berlin-database-of-emotional-speech-emodb/wav/16b03Nb.wav,neutral,31,female,16,16000.0,3.8991875
/kaggle/input/berlin-database-of-emotional-speech-emodb/wav/15b01Na.wav,neutral,25,male,15,16000.0,2.35725
/kaggle/input/berlin-database-of-emotional-speech-emodb/wav/10b03La.wav,boredom,32,male,10,16000.0,3.829125
/kaggle/input/berlin-database-of-emotional-speech-emodb/wav/11a02Fb.wav,happiness,26,male,11,16000.0,1.7853125
/kaggle/input/berlin-database-of-emotional-speech-emodb/wav/15a04Wb.wav,anger,25,male,15,16000.0,1.8111875
/kaggle/input/berlin-database-of-emotional-speech-emodb/wav/14b02Wd.wav,anger,35,female,14,16000.0,2.2923125
/kaggle/input/berlin-database-of-emotional-speech-emodb/wav/08a05Nb.wav,neutral,34,female,8,16000.0,3.2528125
/kaggle/input/berlin-database-of-emotional-speech-emodb/wav/14b01Fc.wav,happiness,35,female,14,16000.0,2.540875
/kaggle/input/berlin-database-of-emotional-speech-emodb/wav/11b10Ad.wav,anxiety/fear,26,male,11,16000.0,2.4455625
/kaggle/input/berlin-database-of-emotional-speech-emodb/wav/13a07Na.wav,neutral,32,female,13,16000.0,1.9116875
/kaggle/input/berlin-database-of-emotional-speech-emodb/wav/14b02Na.wav,neutral,35,female,14,16000.0,2.8994375
/kaggle/input/berlin-database-of-emotional-speech-emodb/wav/12b02Ad.wav,anxiety/fear,30,male,12,16000.0,2.2313125
/kaggle/input/berlin-database-of-emotional-speech-emodb/wav/16a02Lb.wav,boredom,31,female,16,16000.0,2.081125
/kaggle/input/berlin-database-of-emotional-speech-emodb/wav/14a02Tb.wav,sadness,35,female,14,16000.0,2.137375
/kaggle/input/berlin-database-of-emotional-speech-emodb/wav/13b09Na.wav,neutral,32,female,13,16000.0,2.672875
/kaggle/input/berlin-database-of-emotional-speech-emodb/wav/15a04Wa.wav,anger,25,male,15,16000.0,1.945375
/kaggle/input/berlin-database-of-emotional-speech-emodb/wav/14b09Wa.wav,anger,35,female,14,16000.0,3.5453125
/kaggle/input/berlin-database-of-emotional-speech-emodb/wav/16b09La.wav,boredom,31,female,16,16000.0,3.0661875
/kaggle/input/berlin-database-of-emotional-speech-emodb/wav/15b09Wb.wav,anger,25,male,15,16000.0,2.655875
/kaggle/input/berlin-database-of-emotional-speech-emodb/wav/10a07Wb.wav,anger,32,male,10,16000.0,1.9734375
/kaggle/input/berlin-database-of-emotional-speech-emodb/wav/12b09Td.wav,sadness,30,male,12,16000.0,5.413875
/kaggle/input/berlin-database-of-emotional-speech-emodb/wav/14a07Tc.wav,sadness,35,female,14,16000.0,3.2635
/kaggle/input/berlin-database-of-emotional-speech-emodb/wav/11a01Nd.wav,neutral,26,male,11,16000.0,1.636375
/kaggle/input/berlin-database-of-emotional-speech-emodb/wav/08b01Wa.wav,anger,34,female,8,16000.0,3.3085
/kaggle/input/berlin-database-of-emotional-speech-emodb/wav/12b09Wc.wav,anger,30,male,12,16000.0,2.4381875
/kaggle/input/berlin-database-of-emotional-speech-emodb/wav/15a02Ea.wav,disgust,25,male,15,16000.0,2.4498125
/kaggle/input/berlin-database-of-emotional-speech-emodb/wav/14a05Ac.wav,anxiety/fear,35,female,14,16000.0,4.101375
/kaggle/input/berlin-database-of-emotional-speech-emodb/wav/15a07Fb.wav,happiness,25,male,15,16000.0,1.93525
/kaggle/input/berlin-database-of-emotional-speech-emodb/wav/03a05Fc.wav,happiness,31,male,3,16000.0,3.1961875
/kaggle/input/berlin-database-of-emotional-speech-emodb/wav/14a04Aa.wav,anxiety/fear,35,female,14,16000.0,1.477
/kaggle/input/berlin-database-of-emotional-speech-emodb/wav/14b01Wc.wav,anger,35,female,14,16000.0,2.9583125
/kaggle/input/berlin-database-of-emotional-speech-emodb/wav/08a04Tb.wav,sadness,34,female,8,16000.0,3.8371875
/kaggle/input/berlin-database-of-emotional-speech-emodb/wav/09a07Wd.wav,anger,21,female,9,16000.0,2.3193125
/kaggle/input/berlin-database-of-emotional-speech-emodb/wav/03a04Lc.wav,boredom,31,male,3,16000.0,1.931
/kaggle/input/berlin-database-of-emotional-speech-emodb/wav/10b03Tb.wav,sadness,32,male,10,16000.0,3.756375
/kaggle/input/berlin-database-of-emotional-speech-emodb/wav/03a02Ta.wav,sadness,31,male,3,16000.0,1.7356875
/kaggle/input/berlin-database-of-emotional-speech-emodb/wav/16a04Fa.wav,happiness,31,female,16,16000.0,2.043875
/kaggle/input/berlin-database-of-emotional-speech-emodb/wav/03b10Wc.wav,anger,31,male,3,16000.0,2.442
/kaggle/input/berlin-database-of-emotional-speech-emodb/wav/11b03Wb.wav,anger,26,male,11,16000.0,5.2135
/kaggle/input/berlin-database-of-emotional-speech-emodb/wav/12b02Fb.wav,happiness,30,male,12,16000.0,3.304
/kaggle/input/berlin-database-of-emotional-speech-emodb/wav/11a05Td.wav,sadness,26,male,11,16000.0,5.6733125
/kaggle/input/berlin-database-of-emotional-speech-emodb/wav/14a07Lc.wav,boredom,35,female,14,16000.0,2.99475
/kaggle/input/berlin-database-of-emotional-speech-emodb/wav/14a04Tc.wav,sadness,35,female,14,16000.0,2.93475
/kaggle/input/berlin-database-of-emotional-speech-emodb/wav/14a04Tb.wav,sadness,35,female,14,16000.0,2.2255625
/kaggle/input/berlin-database-of-emotional-speech-emodb/wav/15b09La.wav,boredom,25,male,15,16000.0,3.21775
/kaggle/input/berlin-database-of-emotional-speech-emodb/wav/08b09Wc.wav,anger,34,female,8,16000.0,3.3114375
/kaggle/input/berlin-database-of-emotional-speech-emodb/wav/16b10Eb.wav,disgust,31,female,16,16000.0,3.2245
/kaggle/input/berlin-database-of-emotional-speech-emodb/wav/09a07Wb.wav,anger,21,female,9,16000.0,1.987625
/kaggle/input/berlin-database-of-emotional-speech-emodb/wav/13b02Nb.wav,neutral,32,female,13,16000.0,2.78625
/kaggle/input/berlin-database-of-emotional-speech-emodb/wav/08b02Tc.wav,sadness,34,female,8,16000.0,7.6794375
/kaggle/input/berlin-database-of-emotional-speech-emodb/wav/10b09Wb.wav,anger,32,male,10,16000.0,3.2135
/kaggle/input/berlin-database-of-emotional-speech-emodb/wav/13a01Nb.wav,neutral,32,female,13,16000.0,1.515625
/kaggle/input/berlin-database-of-emotional-speech-emodb/wav/10b01Lb.wav,boredom,32,male,10,16000.0,2.0569375
/kaggle/input/berlin-database-of-emotional-speech-emodb/wav/10b09Ad.wav,anxiety/fear,32,male,10,16000.0,1.9768125
/kaggle/input/berlin-database-of-emotional-speech-emodb/wav/16b02Wb.wav,anger,31,female,16,16000.0,3.184375
/kaggle/input/berlin-database-of-emotional-speech-emodb/wav/14a01Wa.wav,anger,35,female,14,16000.0,1.6378125
/kaggle/input/berlin-database-of-emotional-speech-emodb/wav/11b10Td.wav,sadness,26,male,11,16000.0,3.8895625
/kaggle/input/berlin-database-of-emotional-speech-emodb/wav/14a01Wc.wav,anger,35,female,14,16000.0,1.9724375
/kaggle/input/berlin-database-of-emotional-speech-emodb/wav/11b10Wa.wav,anger,26,male,11,16000.0,2.8858125
/kaggle/input/berlin-database-of-emotional-speech-emodb/wav/10b01Aa.wav,anxiety/fear,32,male,10,16000.0,2.0875625
/kaggle/input/berlin-database-of-emotional-speech-emodb/wav/03a02Nc.wav,neutral,31,male,3,16000.0,1.4398125
/kaggle/input/berlin-database-of-emotional-speech-emodb/wav/16b10Wb.wav,anger,31,female,16,16000.0,2.5225
/kaggle/input/berlin-database-of-emotional-speech-emodb/wav/14b10Ad.wav,anxiety/fear,35,female,14,16000.0,1.9655625
/kaggle/input/berlin-database-of-emotional-speech-emodb/wav/14a04Ed.wav,disgust,35,female,14,16000.0,2.9161875
/kaggle/input/berlin-database-of-emotional-speech-emodb/wav/14b09Ea.wav,disgust,35,female,14,16000.0,4.243625
/kaggle/input/berlin-database-of-emotional-speech-emodb/wav/14a07Fd.wav,happiness,35,female,14,16000.0,2.0806875
/kaggle/input/berlin-database-of-emotional-speech-emodb/wav/16b10Tb.wav,sadness,31,female,16,16000.0,3.500625
/kaggle/input/berlin-database-of-emotional-speech-emodb/wav/11a02Tc.wav,sadness,26,male,11,16000.0,2.0645
/kaggle/input/berlin-database-of-emotional-speech-emodb/wav/03b09Tc.wav,sadness,31,male,3,16000.0,3.947125
/kaggle/input/berlin-database-of-emotional-speech-emodb/wav/08a01Lc.wav,boredom,34,female,8,16000.0,2.0170625
/kaggle/input/berlin-database-of-emotional-speech-emodb/wav/11a04Fd.wav,happiness,26,male,11,16000.0,1.886
/kaggle/input/berlin-database-of-emotional-speech-emodb/wav/13a01Ec.wav,disgust,32,female,13,16000.0,2.3276875
/kaggle/input/berlin-database-of-emotional-speech-emodb/wav/16b03Fa.wav,happiness,31,female,16,16000.0,3.8655
/kaggle/input/berlin-database-of-emotional-speech-emodb/wav/08a02Ac.wav,anxiety/fear,34,female,8,16000.0,1.6863125
/kaggle/input/berlin-database-of-emotional-speech-emodb/wav/08b03Lc.wav,boredom,34,female,8,16000.0,4.5258125
/kaggle/input/berlin-database-of-emotional-speech-emodb/wav/14b01Na.wav,neutral,35,female,14,16000.0,2.572625
/kaggle/input/berlin-database-of-emotional-speech-emodb/wav/09b03Ta.wav,sadness,21,female,9,16000.0,4.09325
/kaggle/input/berlin-database-of-emotional-speech-emodb/wav/11b09Ld.wav,boredom,26,male,11,16000.0,3.377375
/kaggle/input/berlin-database-of-emotional-speech-emodb/wav/08b10La.wav,boredom,34,female,8,16000.0,2.79675
/kaggle/input/berlin-database-of-emotional-speech-emodb/wav/14b09Td.wav,sadness,35,female,14,16000.0,3.7651875
/kaggle/input/berlin-database-of-emotional-speech-emodb/wav/11b02Fd.wav,happiness,26,male,11,16000.0,3.1149375
/kaggle/input/berlin-database-of-emotional-speech-emodb/wav/03a04Wc.wav,anger,31,male,3,16000.0,2.044125
/kaggle/input/berlin-database-of-emotional-speech-emodb/wav/11b09Ad.wav,anxiety/fear,26,male,11,16000.0,2.7638125
/kaggle/input/berlin-database-of-emotional-speech-emodb/wav/13a04Wc.wav,anger,32,female,13,16000.0,1.9954375
/kaggle/input/berlin-database-of-emotional-speech-emodb/wav/08a04Ff.wav,happiness,34,female,8,16000.0,1.800625
/kaggle/input/berlin-database-of-emotional-speech-emodb/wav/13b01Wa.wav,anger,32,female,13,16000.0,2.2521875
/kaggle/input/berlin-database-of-emotional-speech-emodb/wav/14a05Ta.wav,sadness,35,female,14,16000.0,3.7375
/kaggle/input/berlin-database-of-emotional-speech-emodb/wav/03b02Wb.wav,anger,31,male,3,16000.0,3.1840625
/kaggle/input/berlin-database-of-emotional-speech-emodb/wav/03b02Tb.wav,sadness,31,male,3,16000.0,5.126875
/kaggle/input/berlin-database-of-emotional-speech-emodb/wav/08a02Ab.wav,anxiety/fear,34,female,8,16000.0,1.584
/kaggle/input/berlin-database-of-emotional-speech-emodb/wav/15a01Nb.wav,neutral,25,male,15,16000.0,1.62825
/kaggle/input/berlin-database-of-emotional-speech-emodb/wav/13b10Ec.wav,disgust,32,female,13,16000.0,2.84775
/kaggle/input/berlin-database-of-emotional-speech-emodb/wav/03a04Ad.wav,anxiety/fear,31,male,3,16000.0,1.504875
/kaggle/input/berlin-database-of-emotional-speech-emodb/wav/13b09Ab.wav,anxiety/fear,32,female,13,16000.0,2.71175
/kaggle/input/berlin-database-of-emotional-speech-emodb/wav/16b09Fb.wav,happiness,31,female,16,16000.0,3.5018125
/kaggle/input/berlin-database-of-emotional-speech-emodb/wav/16a01Nc.wav,neutral,31,female,16,16000.0,1.7719375
/kaggle/input/berlin-database-of-emotional-speech-emodb/wav/15b10Lc.wav,boredom,25,male,15,16000.0,2.467625
/kaggle/input/berlin-database-of-emotional-speech-emodb/wav/10b10Lc.wav,boredom,32,male,10,16000.0,2.2699375
/kaggle/input/berlin-database-of-emotional-speech-emodb/wav/11a05Na.wav,neutral,26,male,11,16000.0,3.3205
/kaggle/input/berlin-database-of-emotional-speech-emodb/wav/14a05Na.wav,neutral,35,female,14,16000.0,3.0633125
/kaggle/input/berlin-database-of-emotional-speech-emodb/wav/12a01Fb.wav,happiness,30,male,12,16000.0,1.863625
/kaggle/input/berlin-database-of-emotional-speech-emodb/wav/11a01Ld.wav,boredom,26,male,11,16000.0,2.0821875
/kaggle/input/berlin-database-of-emotional-speech-emodb/wav/11b10Ld.wav,boredom,26,male,11,16000.0,3.3234375
/kaggle/input/berlin-database-of-emotional-speech-emodb/wav/14b02Fb.wav,happiness,35,female,14,16000.0,2.8371875
/kaggle/input/berlin-database-of-emotional-speech-emodb/wav/03b10Na.wav,neutral,31,male,3,16000.0,2.2564375
/kaggle/input/berlin-database-of-emotional-speech-emodb/wav/11b01Lb.wav,boredom,26,male,11,16000.0,2.79375
/kaggle/input/berlin-database-of-emotional-speech-emodb/wav/13a02Ec.wav,disgust,32,female,13,16000.0,2.13625
/kaggle/input/berlin-database-of-emotional-speech-emodb/wav/10a01Nb.wav,neutral,32,male,10,16000.0,1.8071875
/kaggle/input/berlin-database-of-emotional-speech-emodb/wav/16b10Wa.wav,anger,31,female,16,16000.0,2.414125
/kaggle/input/berlin-database-of-emotional-speech-emodb/wav/13b09Fb.wav,happiness,32,female,13,16000.0,2.8738125
/kaggle/input/berlin-database-of-emotional-speech-emodb/wav/14b10Nb.wav,neutral,35,female,14,16000.0,2.0579375
/kaggle/input/berlin-database-of-emotional-speech-emodb/wav/09b03Nb.wav,neutral,21,female,9,16000.0,3.8190625
/kaggle/input/berlin-database-of-emotional-speech-emodb/wav/14b03Lb.wav,boredom,35,female,14,16000.0,3.580125
/kaggle/input/berlin-database-of-emotional-speech-emodb/wav/08a02Fe.wav,happiness,34,female,8,16000.0,1.6195
/kaggle/input/berlin-database-of-emotional-speech-emodb/wav/16b03Ta.wav,sadness,31,female,16,16000.0,5.975625
/kaggle/input/berlin-database-of-emotional-speech-emodb/wav/12b02Na.wav,neutral,30,male,12,16000.0,2.9820625
/kaggle/input/berlin-database-of-emotional-speech-emodb/wav/16a05La.wav,boredom,31,female,16,16000.0,4.0509375
/kaggle/input/berlin-database-of-emotional-speech-emodb/wav/13a07Wb.wav,anger,32,female,13,16000.0,2.257625
/kaggle/input/berlin-database-of-emotional-speech-emodb/wav/14b03Ad.wav,anxiety/fear,35,female,14,16000.0,3.5028125
/kaggle/input/berlin-database-of-emotional-speech-emodb/wav/16a07Ea.wav,disgust,31,female,16,16000.0,2.9964375
/kaggle/input/berlin-database-of-emotional-speech-emodb/wav/12a02Ec.wav,disgust,30,male,12,16000.0,3.294625
/kaggle/input/berlin-database-of-emotional-speech-emodb/wav/14b10Wc.wav,anger,35,female,14,16000.0,2.6553125
/kaggle/input/berlin-database-of-emotional-speech-emodb/wav/08a04Nc.wav,neutral,34,female,8,16000.0,2.03325
/kaggle/input/berlin-database-of-emotional-speech-emodb/wav/16a05Wb.wav,anger,31,female,16,16000.0,3.7410625
/kaggle/input/berlin-database-of-emotional-speech-emodb/wav/16b01Fa.wav,happiness,31,female,16,16000.0,2.64975
/kaggle/input/berlin-database-of-emotional-speech-emodb/wav/10a05Aa.wav,anxiety/fear,32,male,10,16000.0,2.604125
/kaggle/input/berlin-database-of-emotional-speech-emodb/wav/09a01Ea.wav,disgust,21,female,9,16000.0,2.62125
/kaggle/input/berlin-database-of-emotional-speech-emodb/wav/10a04Nb.wav,neutral,32,male,10,16000.0,2.0499375
/kaggle/input/berlin-database-of-emotional-speech-emodb/wav/13a02Nc.wav,neutral,32,female,13,16000.0,1.5583125
/kaggle/input/berlin-database-of-emotional-speech-emodb/wav/13a04Lb.wav,boredom,32,female,13,16000.0,2.2468125
/kaggle/input/berlin-database-of-emotional-speech-emodb/wav/12b01Ta.wav,sadness,30,male,12,16000.0,3.9954375
/kaggle/input/berlin-database-of-emotional-speech-emodb/wav/15a02Wb.wav,anger,25,male,15,16000.0,1.8071875
/kaggle/input/berlin-database-of-emotional-speech-emodb/wav/16a05Ea.wav,disgust,31,female,16,16000.0,5.48875
/kaggle/input/berlin-database-of-emotional-speech-emodb/wav/11b03Wa.wav,anger,26,male,11,16000.0,4.0648125
/kaggle/input/berlin-database-of-emotional-speech-emodb/wav/03a02Wb.wav,anger,31,male,3,16000.0,2.123625
/kaggle/input/berlin-database-of-emotional-speech-emodb/wav/13b01Ec.wav,disgust,32,female,13,16000.0,3.091875
/kaggle/input/berlin-database-of-emotional-speech-emodb/wav/09a05Wc.wav,anger,21,female,9,16000.0,3.184625
/kaggle/input/berlin-database-of-emotional-speech-emodb/wav/12a05Ta.wav,sadness,30,male,12,16000.0,5.36025
/kaggle/input/berlin-database-of-emotional-speech-emodb/wav/14a07Wc.wav,anger,35,female,14,16000.0,2.0635
/kaggle/input/berlin-database-of-emotional-speech-emodb/wav/09b09Wa.wav,anger,21,female,9,16000.0,2.6223125
/kaggle/input/berlin-database-of-emotional-speech-emodb/wav/16a05Tb.wav,sadness,31,female,16,16000.0,6.788
/kaggle/input/berlin-database-of-emotional-speech-emodb/wav/14a02La.wav,boredom,35,female,14,16000.0,1.9506875
/kaggle/input/berlin-database-of-emotional-speech-emodb/wav/11b09Fd.wav,happiness,26,male,11,16000.0,3.0365625
/kaggle/input/berlin-database-of-emotional-speech-emodb/wav/10b10Fc.wav,happiness,32,male,10,16000.0,2.21175
/kaggle/input/berlin-database-of-emotional-speech-emodb/wav/13b01Ld.wav,boredom,32,female,13,16000.0,2.6738125
/kaggle/input/berlin-database-of-emotional-speech-emodb/wav/13b10La.wav,boredom,32,female,13,16000.0,2.3484375
/kaggle/input/berlin-database-of-emotional-speech-emodb/wav/13a02Lc.wav,boredom,32,female,13,16000.0,1.7841875
/kaggle/input/berlin-database-of-emotional-speech-emodb/wav/14a04Wc.wav,anger,35,female,14,16000.0,2.5100625
/kaggle/input/berlin-database-of-emotional-speech-emodb/wav/15b03Wa.wav,anger,25,male,15,16000.0,3.3629375
/kaggle/input/berlin-database-of-emotional-speech-emodb/wav/09b10Nd.wav,neutral,21,female,9,16000.0,2.2355
/kaggle/input/berlin-database-of-emotional-speech-emodb/wav/13a02Wa.wav,anger,32,female,13,16000.0,1.669
/kaggle/input/berlin-database-of-emotional-speech-emodb/wav/16a07Fa.wav,happiness,31,female,16,16000.0,2.37125
/kaggle/input/berlin-database-of-emotional-speech-emodb/wav/03a07Fa.wav,happiness,31,male,3,16000.0,2.1338125
/kaggle/input/berlin-database-of-emotional-speech-emodb/wav/08a01Na.wav,neutral,34,female,8,16000.0,1.7645
/kaggle/input/berlin-database-of-emotional-speech-emodb/wav/15b09Nb.wav,neutral,25,male,15,16000.0,2.452375
/kaggle/input/berlin-database-of-emotional-speech-emodb/wav/08a04Wc.wav,anger,34,female,8,16000.0,1.8049375
/kaggle/input/berlin-database-of-emotional-speech-emodb/wav/03b01Lb.wav,boredom,31,male,3,16000.0,2.8789375
/kaggle/input/berlin-database-of-emotional-speech-emodb/wav/09b03Lb.wav,boredom,21,female,9,16000.0,3.918
/kaggle/input/berlin-database-of-emotional-speech-emodb/wav/09b01Ea.wav,disgust,21,female,9,16000.0,3.731625
/kaggle/input/berlin-database-of-emotional-speech-emodb/wav/08a02Na.wav,neutral,34,female,8,16000.0,1.790625
/kaggle/input/berlin-database-of-emotional-speech-emodb/wav/13b09Fc.wav,happiness,32,female,13,16000.0,2.96225
/kaggle/input/berlin-database-of-emotional-speech-emodb/wav/14a05Lb.wav,boredom,35,female,14,16000.0,3.51925
/kaggle/input/berlin-database-of-emotional-speech-emodb/wav/09b03Wb.wav,anger,21,female,9,16000.0,3.6950625
/kaggle/input/berlin-database-of-emotional-speech-emodb/wav/16b09Lb.wav,boredom,31,female,16,16000.0,3.1859375
/kaggle/input/berlin-database-of-emotional-speech-emodb/wav/16a04La.wav,boredom,31,female,16,16000.0,2.0289375
/kaggle/input/berlin-database-of-emotional-speech-emodb/wav/03b03Wc.wav,anger,31,male,3,16000.0,3.8474375
/kaggle/input/berlin-database-of-emotional-speech-emodb/wav/13b03Lb.wav,boredom,32,female,13,16000.0,3.8853125
/kaggle/input/berlin-database-of-emotional-speech-emodb/wav/08a07Na.wav,neutral,34,female,8,16000.0,2.0839375
/kaggle/input/berlin-database-of-emotional-speech-emodb/wav/16b09Ab.wav,anxiety/fear,31,female,16,16000.0,2.0515625
/kaggle/input/berlin-database-of-emotional-speech-emodb/wav/16a02Ec.wav,disgust,31,female,16,16000.0,2.4875
/kaggle/input/berlin-database-of-emotional-speech-emodb/wav/13b02Wa.wav,anger,32,female,13,16000.0,2.4110625
/kaggle/input/berlin-database-of-emotional-speech-emodb/wav/15a01La.wav,boredom,25,male,15,16000.0,1.562625
/kaggle/input/berlin-database-of-emotional-speech-emodb/wav/16b01Eb.wav,disgust,31,female,16,16000.0,3.421625
/kaggle/input/berlin-database-of-emotional-speech-emodb/wav/08a07Fd.wav,happiness,34,female,8,16000.0,1.9630625
/kaggle/input/berlin-database-of-emotional-speech-emodb/wav/12a05Lb.wav,boredom,30,male,12,16000.0,3.8276875
/kaggle/input/berlin-database-of-emotional-speech-emodb/wav/12b01Wa.wav,anger,30,male,12,16000.0,2.23725
/kaggle/input/berlin-database-of-emotional-speech-emodb/wav/03a02Fc.wav,happiness,31,male,3,16000.0,2.00625
/kaggle/input/berlin-database-of-emotional-speech-emodb/wav/10a04Wb.wav,anger,32,male,10,16000.0,1.811375
/kaggle/input/berlin-database-of-emotional-speech-emodb/wav/14a05Tc.wav,sadness,35,female,14,16000.0,5.028875
/kaggle/input/berlin-database-of-emotional-speech-emodb/wav/15b09Ac.wav,anxiety/fear,25,male,15,16000.0,2.41875
/kaggle/input/berlin-database-of-emotional-speech-emodb/wav/11a04Nd.wav,neutral,26,male,11,16000.0,1.684
/kaggle/input/berlin-database-of-emotional-speech-emodb/wav/14a05Aa.wav,anxiety/fear,35,female,14,16000.0,2.587625
/kaggle/input/berlin-database-of-emotional-speech-emodb/wav/15a02Wd.wav,anger,25,male,15,16000.0,1.8206875
/kaggle/input/berlin-database-of-emotional-speech-emodb/wav/03a07Nc.wav,neutral,31,male,3,16000.0,1.788125
/kaggle/input/berlin-database-of-emotional-speech-emodb/wav/08b10Aa.wav,anxiety/fear,34,female,8,16000.0,2.6551875
/kaggle/input/berlin-database-of-emotional-speech-emodb/wav/15a02Ta.wav,sadness,25,male,15,16000.0,2.2666875
/kaggle/input/berlin-database-of-emotional-speech-emodb/wav/16a07Wa.wav,anger,31,female,16,16000.0,2.3818125
/kaggle/input/berlin-database-of-emotional-speech-emodb/wav/08b03Nb.wav,neutral,34,female,8,16000.0,3.7216875
/kaggle/input/berlin-database-of-emotional-speech-emodb/wav/14a07Ld.wav,boredom,35,female,14,16000.0,2.292125
/kaggle/input/berlin-database-of-emotional-speech-emodb/wav/08b09Tb.wav,sadness,34,female,8,16000.0,6.7514375
/kaggle/input/berlin-database-of-emotional-speech-emodb/wav/15b02Nd.wav,neutral,25,male,15,16000.0,2.79025
/kaggle/input/berlin-database-of-emotional-speech-emodb/wav/16a07Fb.wav,happiness,31,female,16,16000.0,2.4268125
